id	title	issue	year	variant	class	action	proposed_new_title	index_collision	collides_with	clean_peer_ids	convergence_loser_to	fmv_rows	fmv_rows_with_data	bid_links	created_at
343	Iron Man #126 (Marvel Comics September 1979) VF Condition!	126	1979		B-full-listing-title	delete		YES	311	311		1	0	0	2026-06-03 12:51:14
344	Iron Man #125 Newsstand Variant (Marvel Comics August 1979) FN/VF Condition!	125	1979		B-full-listing-title	delete		YES	310	310		1	0	0	2026-06-03 12:51:14
345	The Mighty Thor #164 (Marvel Comics May 1969) FN/VF Condition!	164	1969		B-full-listing-title	delete		YES	358	358		1	0	0	2026-06-03 12:51:14
346	The Uncanny X-Men #212 (Marvel Comics December 1986) VF condition	212	1986		B-full-listing-title	delete		YES	359	137,359,378		1	0	0	2026-06-03 12:51:14
347	Iron Man #124 Newsstand Variant (Marvel Comics July 1979) FN/VF Condition!	124	1979		B-full-listing-title	delete		YES	265	265,578		1	0	0	2026-06-03 12:51:14
348	The X-Men #132 (Marvel Comics April 1980) FN- condition	132	1980		B-full-listing-title	delete		YES	360	360,368		1	0	0	2026-06-03 12:51:14
349	The Uncanny X-Men #201 (Marvel Comics January 1986) VF- condition	201	1986		B-full-listing-title	delete		YES	361	361,401		1	0	0	2026-06-03 12:51:14
350	The X-Men #107 (Marvel Comics October 1977) FN- condition	107	1977		B-full-listing-title	delete		YES	362	362,369		1	0	0	2026-06-03 12:51:14
351	The Uncanny X-Men #213 (Marvel Comics January 1987) VF condition	213	1987		B-full-listing-title	delete		YES	363	138,363,395		1	0	0	2026-06-03 12:51:14
352	The Uncanny X-Men #211 (Marvel Comics November 1986) VF condition	211	1986		B-full-listing-title	delete		YES	364	135,364		1	0	0	2026-06-03 12:51:14
353	The Uncanny X-Men #222 (Marvel Comics October 1987) VF- condition	222	1987		B-full-listing-title	delete		YES	365	365,571		1	0	0	2026-06-03 12:51:14
354	The Uncanny X-Men #210 (Marvel Comics October 1986) FN/VF condition	210	1986		B-full-listing-title	delete		YES	366	136,366		1	0	0	2026-06-03 12:51:14
355	The Mighty Thor #127 (FN+) 1st App of Pluto & Hippolyta	127	1966		B-full-listing-title	delete		YES	367	367		1	0	0	2026-06-03 12:51:14
356	Fantastic Four #63 (NM+) Blastaar the Living Bomb-Burst	63	1967		B-full-listing-title	delete		YES	223	223		1	0	0	2026-06-03 12:51:14
357	Green Lantern #86 (VF) Neal Adams Anti-Drug Story	86	1971		B-full-listing-title	delete		YES	219	219		1	0	0	2026-06-03 12:51:14
402	Absolute Martian Manhunter #10	10			A-doubled-only	delete		YES	412	412		1	0	0	2026-06-05 07:34:24
403	Absolute Martian Manhunter #1 Javier Rodriguez Cover	1			C-variant-designation	delete		no		413		1	0	0	2026-06-05 07:34:24
404	Absolute Green Lantern #10	10			A-doubled-only	delete		YES	414	414		1	0	0	2026-06-05 07:34:24
405	Absolute Green Lantern #9 Jahnoy Lindsay Cover	9			C-variant-designation	delete		YES	415	415		1	0	0	2026-06-05 07:34:24
406	Absolute Green Lantern #8 Jahnoy Lindsay Cover	8			C-variant-designation	delete		YES	416	416		1	0	0	2026-06-05 07:34:24
407	Absolute Green Lantern #3 Jahnoy Lindsay Cover	3			C-variant-designation	delete		YES	417	417		1	0	0	2026-06-05 07:34:24
408	Absolute Flash #10 Nick Robles Cover	10			C-variant-designation	delete		YES	418	418		1	0	0	2026-06-05 07:34:24
409	Absolute Flash #9 Nick Robles Cover	9			C-variant-designation	delete		YES	419	419		1	0	0	2026-06-05 07:34:24
410	Absolute Flash #3 Nick Robles Cover	3			C-variant-designation	delete		YES	420	420		1	0	0	2026-06-05 07:34:24
411	Absolute Flash #2 Nick Robles Cover	2			C-variant-designation	delete		YES	421	421		1	0	0	2026-06-05 07:34:24
422	FANTASTIC FOUR # 31 - (VG-) -THE MAD MENACE OF THE MACABRE MOLE MAN-THING-TORCH	31			B-full-listing-title	delete		no		514		1	0	0	2026-06-10 05:00:07
423	WORLD'S FINEST # 200 - (VG+) -SUPERMAN/ROBIN-NEAL ADAMS COVER-ORGIN OF ROBIN	200			B-full-listing-title	rewrite	WORLD'S FINEST	no				1	0	0	2026-06-10 05:00:07
424	THE MIGHTY THOR # 130 - (NM-) -HERCULES-PLUTO-THUNDER IN THE NETHERWORLD-ASGARD	130			B-full-listing-title	rewrite	THE MIGHTY THOR	no				1	0	0	2026-06-10 05:00:08
425	AVENGERS # 56 - (FN/VF) -CAPTAIN AMERICA-BUCKY-HAWKEYE-GIANT-MAN-BLACK PANTHER	56			B-full-listing-title	delete		no		231,516		1	0	0	2026-06-10 05:00:08
426	THE MIGHTY THOR # 128 - (FN-) -THE POWER OF PLUTO-GOD OF THUNDER & SON OF ZEUS	128			B-full-listing-title	rewrite	THE MIGHTY THOR	no				1	0	0	2026-06-10 05:00:08
427	THE MIGHTY THOR # 137 - (FN/VF) -1ST ULIK THE TROLL-LOKI-SIF-ODIN-TRAGEDY HOGUN	137			B-full-listing-title	rewrite	THE MIGHTY THOR	no				1	0	0	2026-06-10 05:00:09
428	WORLD'S FINEST # 186 - (FINE) -SUPERMAN/BATMAN-THE BAT-WITCH MUST BURN-HOT-ROD	186			B-full-listing-title	rewrite	WORLD'S FINEST	no				1	0	0	2026-06-10 05:00:09
429	THE MIGHTY THOR # 157 - (VG+) -BEHIND HIM -RAGNAROK-LOKI-ODIN-ASGARD-HEIMDALL	157			B-full-listing-title	delete		no		169		1	0	0	2026-06-10 05:00:09
430	THE MIGHTY THOR # 164 - (FN-) -3RD APP OF HIM(WARLOCK)-LOKI-ODIN-GALACTUS-PLUTO	164			B-full-listing-title	delete		no		358		1	0	0	2026-06-10 05:00:10
431	THE MIGHTY THOR # 136 - (FN-) -TO BECOME IMMORTAL-2ND LADY SIF-MENACE OF UNKNOWN	136			B-full-listing-title	rewrite	THE MIGHTY THOR	no				1	0	0	2026-06-10 05:00:10
432	THE MIGHTY THOR # 128 - (FN+) -THE POWER OF PLUTO-GOD OF THUNDER & SON OF ZEUS	128			B-full-listing-title	delete		no			426	1	0	0	2026-06-10 05:00:11
433	THE MIGHTY THOR # 164 - (FN+) -3RD APP OF HIM(WARLOCK)-LOKI-ODIN-GALACTUS-PLUTO	164			B-full-listing-title	delete		no		358		1	0	0	2026-06-10 05:00:11
434	THE MIGHTY THOR # 166 - (VG) -THOR VS HIM(WARLOCK)-LOKI-ODIN-GALACTUS-PLUTO-EGO	166			B-full-listing-title	rewrite	THE MIGHTY THOR	no				1	0	0	2026-06-10 05:00:11
435	THE MIGHTY THOR # 175 - (VF-) -THE FALL OF ASGARD-THOR VS LOKI-ODIN-JANE FOSTER	175			B-full-listing-title	rewrite	THE MIGHTY THOR	no				1	0	0	2026-06-10 05:00:12
436	Uncanny X-men #129 Bronze age Byrne 1st Kitty Pryde Huge Key Fine+/FVF Newsstand	129			B-full-listing-title	delete		no		374,523		1	0	0	2026-06-10 05:00:12
437	Uncanny X-men #5,6,7,8,9  Bronze age lot of 5 Fine to VF	5			D-multi-issue-lot	rewrite	Uncanny X-men	no				1	0	0	2026-06-10 05:00:12
438	Classic X-men #1,2,3,4,5,6,7,8 Bronze age lot of 8 New X-men Art Adams FVF -VF	1			D-multi-issue-lot	delete		no		78		1	0	0	2026-06-10 05:00:13
439	X-men #58 Silver age Neal Adams 1st Havok Key	58			B-full-listing-title	delete		no		525		1	0	0	2026-06-10 05:00:13
440	X-men #49 Silver age Steranko 1st Polaris Key VG-	49			B-full-listing-title	delete		no		375,526		1	0	0	2026-06-10 05:00:13
441	X-men #39 Silver age VGF Wow	39			B-full-listing-title	delete		no		392,527		1	0	0	2026-06-10 05:00:13
442	Marvel Tales #238 McFarlane Newsstand X-men Spider-man FVF Beauty Wow	238			B-full-listing-title	delete		no		528		1	0	0	2026-06-10 05:00:14
443	Web of Spider-man #8 Bronze age Black Costume VF Beauty  Wow z	8			B-full-listing-title	delete		no		529		1	0	0	2026-06-10 05:00:14
444	Amazing Spider-man #25 Rare Kirkham virgin variant NM- Gem Wow	25			B-full-listing-title	delete		no		572		1	0	0	2026-06-10 05:00:15
445	Amazing Spider-man #5 1st Maddie Franklin Spider-girl NM Gem Wow	5			B-full-listing-title	rewrite	Amazing Spider-man	no				1	0	0	2026-06-10 05:00:15
446	Uncanny X-men #2 Silver age VG+ Wow	2			B-full-listing-title	delete		no		530		1	0	0	2026-06-10 05:00:16
447	Amazing Spider-man #9 Rare Lotay variant NM- Gem Wow	9			B-full-listing-title	rewrite	Amazing Spider-man	no				1	0	0	2026-06-10 05:00:16
448	Amazing Spider-man #18,19,20,21,22 lot of 5 NM Gems Wow	18			D-multi-issue-lot	rewrite	Amazing Spider-man	no				1	0	0	2026-06-10 05:00:16
449	Amazing Spider-man #2 J Scott Campbell Midtown Variant NM Gem  Wow	2			B-full-listing-title	rewrite	Amazing Spider-man	no				1	0	0	2026-06-10 05:00:16
450	Uncanny X-men #118 Bronze age Byrne Sunfire Fine+ Beauty Wow	118			B-full-listing-title	delete		no		397,531		1	0	0	2026-06-10 05:00:17
451	Amazing Spider-man #14,15,16,17,18 lot of 5 NM Gems Wow z	14			D-multi-issue-lot	rewrite	Amazing Spider-man	no				1	0	0	2026-06-10 05:00:17
452	Amazing Spider-man #7 Ms. Marvel VFNM beauty Wow z	7			B-full-listing-title	rewrite	Amazing Spider-man	no				1	0	0	2026-06-10 05:00:18
453	Giant Size X-men #1 Super Rare 1:100 Talavera virgin variant NM Gem Wow	1			B-full-listing-title	rewrite	Giant Size X-men	no				1	0	0	2026-06-10 05:00:18
454	Amazing Spider-man #10 Key 1t Spider-Punk VF Beauty Wow	10			B-full-listing-title	rewrite	Amazing Spider-man	no				1	0	0	2026-06-10 05:00:18
455	Amazing Spider-man #19,20,21,22,23 lot of 5 NM Gems Wow z	19			D-multi-issue-lot	rewrite	Amazing Spider-man	no				1	0	0	2026-06-10 05:00:19
456	Amazing Spider-man #6 Rare Mayhew Variant VF Beauty  Wow	6			B-full-listing-title	rewrite	Amazing Spider-man	no				1	0	0	2026-06-10 05:00:19
457	Amazing Spider-man #15 FVF Wow z	15			B-full-listing-title	delete		no		3		1	0	0	2026-06-10 05:00:19
458	Amazing Spider-man #25 Rare Ryan Brown variant NM- Gem Wow	25			B-full-listing-title	delete		no		572		1	0	0	2026-06-10 05:00:20
459	Amazing Spider-man #6 Rare Mayhew C virgin Variant Fine  Wow	6			B-full-listing-title	delete		no			456	1	0	0	2026-06-10 05:00:20
460	Amazing Spider-man #25 Rare Kirkham variant NM Gem Wow	25			B-full-listing-title	delete		no		572		1	0	0	2026-06-10 05:00:21
461	Amazing Spider-man #5 VF Beauty 2nd Silk Wow	5			B-full-listing-title	delete		no			445	1	0	0	2026-06-10 05:00:21
462	Amazing Spider-man #15 Dr. Doom NM Gem Wow	15			B-full-listing-title	delete		no		3		1	0	0	2026-06-10 05:00:21
463	Amazing Spider-man #23 Talavera Variant NM Gem Wow	23			B-full-listing-title	delete		no		4		1	0	0	2026-06-10 05:00:22
464	Uncanny X-men #146,147 Bronze age Dr. Doom lot of 2 Wow	146			D-multi-issue-lot	delete		no		532		1	0	0	2026-06-10 05:00:22
465	Amazing Spider-man #50 J Scott Campbell NM- Gem Wow	50			B-full-listing-title	delete		no		685		1	0	0	2026-06-10 05:00:22
466	Amazing Spider-man #20 Bermejo Variant NM Gem Wow	20			B-full-listing-title	rewrite	Amazing Spider-man	no				1	0	0	2026-06-10 05:00:22
467	Amazing Spider-man #23 Bagley Variant NM Gem Wow	23			B-full-listing-title	delete		no		4		1	0	0	2026-06-10 05:00:23
468	Amazing Spider-man #20 Crain Variant NM Gem Wow	20			B-full-listing-title	delete		no			466	1	0	0	2026-06-10 05:00:23
469	Amazing Spider-man #23 Bermejo Variant NM Gem Wow	23			B-full-listing-title	delete		no		4		1	0	0	2026-06-10 05:00:24
470	Amazing Spider-man #20 Dell Otto Variant NM Gem Wow	20			B-full-listing-title	delete		no			466	1	0	0	2026-06-10 05:00:24
471	X-men #12 Dauterman variant NM- Gem Wow	12			B-full-listing-title	rewrite	X-men	no				1	0	0	2026-06-10 05:00:24
472	Amazing Spider-man #8 Dell Otto variant NM Gem Wow	8			B-full-listing-title	rewrite	Amazing Spider-man	no				1	0	0	2026-06-10 05:00:25
473	Fantastic Four #31	31	1961		A-doubled-only	delete		YES	514	514		1	0	0	2026-06-10 05:02:34
474	World's Finest Comics #200	200	1941		A-doubled-only	delete		YES	515	515		1	0	0	2026-06-10 05:02:34
475	Thor #130	130	1966		A-doubled-only	delete		YES	389	389		1	0	0	2026-06-10 05:02:34
476	Avengers #56	56	1963		A-doubled-only	delete		YES	516	231,516		1	0	0	2026-06-10 05:02:35
477	Thor #128	128	1966		A-doubled-only	delete		YES	275	275		2	0	0	2026-06-10 05:02:36
478	Thor #137	137	1966		A-doubled-only	delete		YES	517	274,517		1	0	0	2026-06-10 05:02:36
479	World's Finest Comics #186	186	1941		A-doubled-only	delete		YES	518	518		1	0	0	2026-06-10 05:02:37
480	Thor #157	157	1966		A-doubled-only	delete		YES	519	519		1	0	0	2026-06-10 05:02:37
481	Thor #164	164	1966		A-doubled-only	delete		YES	520	520		2	0	0	2026-06-10 05:02:37
482	Thor #136	136	1966		A-doubled-only	delete		YES	380	380		2	0	0	2026-06-10 05:02:38
483	Thor #166	166	1966		A-doubled-only	delete		YES	521	521		1	0	0	2026-06-10 05:02:39
484	Thor #175	175	1966		A-doubled-only	delete		YES	522	381,522		1	0	0	2026-06-10 05:02:40
485	Uncanny X-Men #129	129	1981		A-doubled-only	delete		YES	523	374,523		1	0	0	2026-06-10 05:02:40
486	X-Men #5	5	1963		A-doubled-only	delete		YES	524	524		1	0	0	2026-06-10 05:02:41
487	Classic X-Men #1	1	1986		A-doubled-only	delete		YES	78	78		1	0	0	2026-06-10 05:02:41
488	X-Men #58	58	1963		A-doubled-only	delete		YES	525	525		2	0	0	2026-06-10 05:02:42
489	X-Men #49	49	1963		A-doubled-only	delete		YES	526	375,526		1	0	0	2026-06-10 05:02:42
490	X-Men #39	39	1963		A-doubled-only	delete		YES	527	392,527		1	0	0	2026-06-10 05:02:43
491	X-Men #238	238	1963		A-doubled-only	rewrite	X-Men	no				1	0	0	2026-06-10 05:02:43
492	Web of Spider-Man #8	8	1985		A-doubled-only	delete		YES	529	529		2	0	0	2026-06-10 05:02:44
493	Amazing Spider-Man #25	25	1963		A-doubled-only	delete		no		572		2	0	0	2026-06-10 05:02:44
494	Amazing Spider-Man #5	5	1963		A-doubled-only	rewrite	Amazing Spider-Man	no				2	0	0	2026-06-10 05:02:44
495	Uncanny X-Men #2	2	1981		A-doubled-only	delete		YES	530	530		1	0	0	2026-06-10 05:02:44
496	Amazing Spider-Man #9	9	1963		A-doubled-only	rewrite	Amazing Spider-Man	no				1	0	0	2026-06-10 05:02:45
497	Amazing Spider-Man #18	18	1963		A-doubled-only	rewrite	Amazing Spider-Man	no				1	0	0	2026-06-10 05:02:45
498	Amazing Spider-Man #2	2	1963		A-doubled-only	rewrite	Amazing Spider-Man	no				1	1	0	2026-06-10 05:02:46
499	Uncanny X-Men #118	118	1981		A-doubled-only	delete		YES	531	397,531		1	0	0	2026-06-10 05:02:47
500	Amazing Spider-Man #14	14	1963		A-doubled-only	rewrite	Amazing Spider-Man	no				1	0	0	2026-06-10 05:02:47
501	Amazing Spider-Man #7	7	1963		A-doubled-only	rewrite	Amazing Spider-Man	no				1	0	0	2026-06-10 05:02:47
502	X-Men #1	1	1963		A-doubled-only	rewrite	X-Men	no				1	1	0	2026-06-10 05:02:48
503	Amazing Spider-Man #10	10	1963		A-doubled-only	rewrite	Amazing Spider-Man	no				1	0	0	2026-06-10 05:02:48
504	Amazing Spider-Man #19	19	1963		A-doubled-only	rewrite	Amazing Spider-Man	no				1	0	0	2026-06-10 05:02:48
505	Amazing Spider-Man #6	6	1963		A-doubled-only	rewrite	Amazing Spider-Man	no				2	0	0	2026-06-10 05:02:49
506	Amazing Spider-Man #15	15	1963		A-doubled-only	delete		no		3		2	0	0	2026-06-10 05:02:49
507	Amazing Spider-Man #23	23	1963		A-doubled-only	delete		no		4		1	0	0	2026-06-10 05:02:51
508	Uncanny X-Men #146	146	1981		A-doubled-only	delete		YES	532	532		2	0	0	2026-06-10 05:02:51
509	Amazing Spider-Man #50	50	1963		A-doubled-only	delete		no		685		1	0	0	2026-06-10 05:02:52
510	Amazing Spider-Man #20	20	1963		A-doubled-only	rewrite	Amazing Spider-Man	no				1	0	0	2026-06-10 05:02:52
511	X-Men #12	12	1963		A-doubled-only	rewrite	X-Men	no				1	0	0	2026-06-10 05:02:54
512	Amazing Spider-Man #8	8	1963		A-doubled-only	rewrite	Amazing Spider-Man	no				1	0	0	2026-06-10 05:02:54
513	Marvel Tales #238	238	1964		A-doubled-only	delete		YES	528	528		1	0	0	2026-06-10 05:20:04
552	Moon Knight #15	15	1982		A-doubled-only	delete		YES	553	553		1	0	0	2026-06-15 09:31:19
579	Uncanny X-Men Annual #10	10			A-doubled-only	delete		no		592		1	0	0	2026-06-28 07:18:01
580	Uncanny X-Men #274	274			A-doubled-only	delete		no		594		1	0	0	2026-06-28 07:18:01
581	Iron Man #123	123			A-doubled-only	delete		no		593		1	0	0	2026-06-28 07:18:02
582	Uncanny X-Men #255	255			A-doubled-only	delete		no		595		1	0	0	2026-06-28 07:18:02
583	World's Finest Comics #199	199			A-doubled-only	delete		no		225		1	0	0	2026-06-28 07:18:02
584	Thor #149	149			A-doubled-only	delete		no		301		1	0	0	2026-06-28 07:18:02
585	Strange Tales #151	151			A-doubled-only	delete		YES	756	756		1	0	0	2026-06-28 07:18:02
586	Thor #147	147			A-doubled-only	delete		no		387		1	0	0	2026-06-28 07:18:02
587	Thor #148	148			A-doubled-only	delete		no		306,382		1	0	0	2026-06-28 07:18:02
588	Journey into Mystery #111	111			A-doubled-only	rewrite	Journey into Mystery	no				1	0	0	2026-06-28 07:18:02
589	Journey into Mystery #113	113			A-doubled-only	rewrite	Journey into Mystery	no				1	0	0	2026-06-28 07:18:03
590	Journey into Mystery #115	115			A-doubled-only	rewrite	Journey into Mystery	no				1	0	0	2026-06-28 07:18:03
591	Thor #146	146			A-doubled-only	delete		no		300		1	0	0	2026-06-28 07:18:03
613	Assorted Crisis Events #1	1	2025		A-doubled-only	delete		YES	261	261		1	0	0	2026-07-04 09:52:49
614	Assorted Crisis Events #2	2	2025		A-doubled-only	delete		YES	620	620		1	0	0	2026-07-04 09:52:49
615	Assorted Crisis Events #3	3	2025		A-doubled-only	delete		YES	621	621		1	0	0	2026-07-04 09:52:49
616	Assorted Crisis Events #4	4	2025		A-doubled-only	delete		YES	622	622		1	0	0	2026-07-04 09:52:49
617	Assorted Crisis Events #5	5	2025		A-doubled-only	delete		YES	623	623		1	0	0	2026-07-04 09:52:49
618	Assorted Crisis Events #6	6	2025		A-doubled-only	delete		YES	624	624		1	0	0	2026-07-04 09:52:49
619	Assorted Crisis Events #7	7	2025		A-doubled-only	delete		YES	625	625		1	0	0	2026-07-04 09:52:49
626	X-Men #95	95			A-doubled-only	delete		YES	660	660		1	0	0	2026-07-11 01:56:07
627	X-Men #96	96			A-doubled-only	delete		no		661		1	0	0	2026-07-11 01:56:07
628	X-Men #97	97			A-doubled-only	delete		YES	662	662		1	0	0	2026-07-11 01:56:07
629	X-Men #99	99			A-doubled-only	delete		YES	663	663		1	0	0	2026-07-11 01:56:07
630	X-Men #102	102			A-doubled-only	delete		YES	664	664		1	0	0	2026-07-11 01:56:07
631	X-Men #103	103			A-doubled-only	delete		YES	665	665		1	0	0	2026-07-11 01:56:07
632	X-Men #104	104			A-doubled-only	delete		no		108		1	0	0	2026-07-11 01:56:07
633	X-Men #105	105			A-doubled-only	delete		YES	666	666		1	0	0	2026-07-11 01:56:07
634	X-Men #108	108			A-doubled-only	delete		YES	667	667		1	0	0	2026-07-11 01:56:07
635	X-Men #109	109			A-doubled-only	delete		YES	668	668		1	0	0	2026-07-11 01:56:07
636	X-Men #111	111			A-doubled-only	delete		YES	669	669		1	0	0	2026-07-11 01:56:07
637	X-Men #112	112			A-doubled-only	delete		YES	670	670		1	0	0	2026-07-11 01:56:07
638	X-Men #121	121			A-doubled-only	delete		YES	671	671		1	0	0	2026-07-11 01:56:07
639	X-Men #123	123			A-doubled-only	delete		YES	672	672,673		1	0	0	2026-07-11 01:56:07
640	X-Men #123	123		Newsstand	A-doubled-only	delete		YES	673	672,673		1	0	0	2026-07-11 01:56:08
641	X-Men #127	127			A-doubled-only	delete		YES	674	674,675		1	0	0	2026-07-11 01:56:08
642	X-Men #127	127		Newsstand	A-doubled-only	delete		YES	675	674,675		1	0	0	2026-07-11 01:56:08
643	Uncanny X-Men #207	207			A-doubled-only	delete		YES	676	676		1	0	0	2026-07-11 01:56:08
644	Uncanny X-Men #211	211			A-doubled-only	delete		no		135,364		1	0	0	2026-07-11 01:56:08
645	Uncanny X-Men #212	212			A-doubled-only	delete		no		137,359,378		1	0	0	2026-07-11 01:56:08
646	Uncanny X-Men #213	213			A-doubled-only	delete		no		138,363,395		1	0	0	2026-07-11 01:56:08
647	Uncanny X-Men #239	239			A-doubled-only	delete		no		291		1	0	0	2026-07-11 01:56:08
648	Uncanny X-Men #244	244			A-doubled-only	delete		no		292		1	0	0	2026-07-11 01:56:08
649	Uncanny X-Men #257	257			A-doubled-only	delete		no		399		1	0	0	2026-07-11 01:56:08
650	Detective Comics #403	403			A-doubled-only	delete		YES	677	677		1	0	0	2026-07-11 01:56:08
651	Batman #236	236			A-doubled-only	delete		YES	678	678		1	0	0	2026-07-11 01:56:08
652	Batman #240	240			A-doubled-only	delete		YES	679	679		1	0	0	2026-07-11 01:56:08
653	Detective Comics #578	578			A-doubled-only	delete		no		62		1	0	0	2026-07-11 01:56:08
654	Detective Comics #576	576			A-doubled-only	delete		no		60		1	0	0	2026-07-11 01:56:08
655	Fantastic Four #16	16			A-doubled-only	delete		no		680		1	0	0	2026-07-11 01:56:08
656	Amazing Spider-Man #82	82			A-doubled-only	delete		YES	681	681		1	0	0	2026-07-11 01:56:08
657	Nick Fury, Agent of SHIELD #17	17			A-doubled-only	delete		YES	682	682		1	0	0	2026-07-11 01:56:08
658	Amazing Spider-Man #89	89			A-doubled-only	delete		no		131		1	0	0	2026-07-11 01:56:08
659	Detective Comics #372	372			A-doubled-only	delete		YES	683	683		1	0	0	2026-07-11 01:56:08
684	The Amazing Spider-Man #50	50	1967		A-doubled-only	delete		no		685		1	0	0	2026-07-13 07:14:48
